Property,"Tenant
Code",Recd?,Scanned?,Sent to CU?,Status,Household Member,Mailing Zip,Move In,Move Out,Member Age - as of date,Effective Date,Admission Date,Total Annual Income,Special Program Setting,Member Citizen,Member Sex,Tenant Rent,TTP,Member Ethnicity,Bedrooms,Family Members,Eligible  Members,Dependants,HH Members under age 13,Student Houshold Members,Non-Students Ages 18+,Single Parent HH
s8hcvp,t0000403,4/18/2014,4/18/2014,5/19/2014,Current,H,80304,12-08-23,99-12-30,42,8/1/2014,1/19/2002,23604,s85mem,IN,M,840,560,1,3,5,3,3,1,1,2,NO
s8hcvp,t0001225,4/21/2014,5/12/2014,5/19/2014,Current,H,80501,13-12-01,99-12-30,51,8/1/2014,9/1/1985,2100,s81mem,EC,F,57,125,1,2,1,1,0,0,0,1,NO
s8hcvp,t0000558,4/22/2014,5/20/2014,5/28/2014,Past,H,80501,13-04-10,14-07-31,31,8/1/2014,12/30/1899,0,mtwfam,EC,F,0,0,1,2,2,2,0,1,0,1,Unknown
s8hcvp,t0008410,,,,Current,H,80301,14-02-10,99-12-30,44,8/1/2014,2/10/2014,16380,s86mem,EN,F,280,380,2,4,6,6,3,0,1,3,Unknown
s8hcvp,a0000011,4/30/2014,5/5/2014,5/19/2014,Current,H,80026,14-04-07,99-12-30,38,10/1/2014,2/1/2008,6948,s85mem,EC,F,80,160,1,3,4,4,3,2,1,1,Yes
s8hcvp,t0001281,4/23/2014,5/5/2014,5/19/2014,Current,H,80304,13-07-23,99-12-30,48,8/1/2014,7/23/2013,3600,s81mem,EC,F,37,120,1,1,1,1,0,0,0,1,NO
s8hcvp,t0002571,4/23/2014,5/20/2014,5/28/2014,Current,H,80304,12-12-27,12-12-31,43,8/1/2014,1/1/2011,22680,s82mem,EN,M,549,600,1,2,2,2,1,0,0,1,Yes
s8hcvp,t0008718,4/11/2014,4/18/2014,5/19/2014,Current,H,80301,13-10-22,99-12-30,44,10/1/2014,8/9/2013,8268,s85mem,EC,F,155,255,1,4,5,5,4,2,1,1,Yes
s8hcvp,t0000378,4/22/2014,5/20/2014,5/28/2014,Current,H,80503,10-08-31,99-12-30,60,1/1/2015,9/17/2003,1650,s82mem,EC,F,65,130,1,3,2,2,1,0,1,1,Yes
s8hcvp,t0006537,5/9/2014,5/12/2014,5/19/2014,Current,H,80304,13-03-01,99-12-30,46,8/1/2014,3/1/2013,17640,s83mem,EC,F,324,450,2,3,3,3,2,2,0,1,Yes
s8hcvp,t0002008,5/7/2014,5/12/2014,5/19/2014,Past,H,80301,10-07-20,14-11-30,49,11/30/2014,12/30/1899,0,s83mem,EC,F,0,0,2,3,3,3,0,1,0,1,Unknown
s8hcvp,t0002455,4/24/2014,4/25/2014,5/19/2014,Current,H,80304,12-06-19,99-12-30,31,8/1/2014,3/18/2011,24752,s84mem,IN,F,775,675,1,3,4,3,3,2,0,1,Yes
s8hcvp,a0000018,5/12/2014,5/20/2014,5/28/2014,Current,H,80501,10-10-09,99-12-30,33,10/1/2014,10/9/2010,7150,s85mem,EC,F,80,160,1,3,5,5,4,2,0,1,Yes
s8hcvp,a0000020,,,,Current,H,80503,13-03-01,99-12-30,42,8/1/2014,3/30/2011,24767,s83mem,IN,F,715,600,1,2,3,2,2,2,0,1,Yes
s8hcvp,t0000351,5/9/2014,5/12/2014,5/19/2014,Current,H,80501,10-02-25,99-12-30,48,8/1/2014,4/9/2002,7200,s83mem,IN,F,315,215,1,3,3,2,2,1,0,1,Yes
s8hcvp,t0000414,4/4/2014,4/10/2014,4/11/2014,Current,H,80304,11-06-17,99-12-30,43,8/1/2014,11/1/2008,18050,s85mem,IN,F,725,450,1,3,5,3,2,1,0,3,NO
s8hcvp,t0002224,4/15/2014,4/18/2014,5/19/2014,Current,H,80304,10-03-01,99-12-30,39,8/1/2014,3/1/2010,16302,s82mem,EC,F,644,500,1,2,2,2,1,0,0,1,Yes
s8pbbe,t0001292,4/17/2014,4/18/2014,5/19/2014,Current,H,80304,08-09-01,99-12-30,49,8/1/2014,9/1/2008,22201,s85mem,EC,M,0,0,1,3,5,5,2,0,0,3,NO
s8hcvp,t0000359,4/3/2014,4/10/2014,4/11/2014,Current,H,80504,13-03-01,99-12-30,35,8/1/2014,5/1/2005,10173,s86mem,EC,F,45,290,2,5,6,6,5,3,1,1,Yes
s8hcvp,t0002906,4/22/2014,4/25/2014,5/19/2014,Current,H,80026,14-03-06,99-12-30,29,8/1/2014,3/14/2011,11700,s84mem,EC,F,404,290,2,2,4,4,2,2,0,2,Unknown
s8pbbe,t0001271,4/16/2014,4/18/2014,5/19/2014,Current,H,80304,13-11-25,99-12-30,41,8/1/2014,11/30/2006,17895,s85mem,IN,M,0,0,1,3,5,3,3,1,0,2,Unknown
s8hcvp,t0000380,5/9/2014,5/12/2014,5/19/2014,Current,H,80504,10-03-01,99-12-30,48,8/1/2014,9/7/2007,14412,s84mem,EC,F,202,380,2,4,4,4,3,1,0,1,Yes
s8hcvp,t0000503,5/5/2014,5/12/2014,5/19/2014,Current,H,80027,01-09-07,99-12-30,64,8/1/2014,9/7/2001,9192,s82mem,EC,F,384,290,2,2,2,2,1,0,1,1,Yes
s8hcvp,t0005175,4/22/2014,5/20/2014,5/28/2014,Current,H,80303,12-09-18,99-12-30,63,8/1/2014,9/18/2012,18696,s83mem,EC,M,919,500,2,2,3,3,1,0,0,2,Unknown
s8hcvp,t0000381,5/16/2014,5/16/2014,5/19/2014,Current,H,80301,07-08-30,99-12-30,58,10/1/2014,8/30/2007,24981,mtweld,EC,F,638,552,2,2,1,1,0,0,0,1,NO
s8pbbe,t0001300,4/7/2014,4/10/2014,4/11/2014,Current,H,80304,08-11-01,99-12-30,57,8/1/2014,5/15/2008,14124,s84mem,EC,M,0,0,1,2,4,4,2,2,0,2,Unknown
s8hcvp,a0000217,5/9/2014,5/20/2014,5/28/2014,Current,H,80304,11-10-10,99-12-30,35,11/1/2014,10/1/2009,28315,s83mem,EC,F,720,800,2,3,3,3,2,1,0,1,Yes
s8hcvp,t0007943,4/21/2014,5/12/2014,5/19/2014,Current,H,80501,14-01-10,99-12-30,28,8/1/2014,1/10/2014,24823,s84mem,EC,M,535,600,2,2,4,4,2,2,0,2,NO
s8hcvp,t0006297,4/18/2014,5/5/2014,5/19/2014,Current,H,80302,13-10-11,99-12-30,30,11/1/2014,10/11/2013,0,s83mem,EC,F,60,125,2,2,2,2,1,1,0,1,Yes
s8hcvp,t0003502,4/22/2014,4/25/2014,5/19/2014,Past,H,80304,13-08-28,14-07-31,37,8/1/2014,12/30/1899,0,mtwfam,EC,F,0,0,1,2,3,3,0,2,0,1,Unknown
s8hcvp,t0002129,4/28/2014,5/5/2014,5/19/2014,Current,H,80303,10-06-01,99-12-30,25,8/1/2014,6/1/2010,21040,s82mem,EC,F,487,600,2,2,2,2,1,1,0,1,Yes
s8pbbe,t0005725,4/22/2014,5/20/2014,5/28/2014,Past,H,80304,12-11-09,14-08-31,24,8/31/2014,12/30/1899,0,s83mem,IN,M,0,0,1,2,3,1,0,1,0,2,Unknown
s8hcvp,t0000382,4/22/2014,5/20/2014,5/28/2014,Current,H,80503,04-07-15,99-12-30,29,9/1/2014,7/15/2004,34628,s83mem,EC,F,1208,1075,1,3,3,3,2,1,0,1,Yes
s8hcvp,t0005417,4/9/2014,4/10/2014,4/11/2014,Current,H,80304,11-07-07,99-12-30,51,12/1/2014,11/1/2004,770,s82mem,EC,F,60,125,2,2,2,2,1,0,1,1,Yes
s8hcvp,t0001185,5/2/2014,5/5/2014,5/19/2014,Current,H,80503,14-04-26,99-12-30,28,8/1/2014,5/28/2010,37700,s84mem,EC,F,1083,915,2,3,4,4,2,2,0,2,Unknown
s8hcvp,t0002864,4/22/2014,5/5/2014,5/19/2014,Notice,H,80026,10-11-01,15-01-31,52,8/1/2014,11/1/2010,48300,s83mem,EN,F,1150,1425,1,3,3,3,0,1,0,1,Unknown
s8hcvp,t0001256,4/21/2014,5/12/2014,5/19/2014,Notice,H,80304,13-12-01,15-01-31,46,8/1/2014,1/21/2007,42640,s85mem,IN,M,1247,1200,1,4,5,2,0,0,0,4,NO
s8hcvp,t0001255,4/22/2014,5/5/2014,5/19/2014,Current,H,80501,13-12-01,99-12-30,45,8/1/2014,2/19/2007,9600,s83mem,EC,F,150,325,1,3,3,3,2,0,0,1,Yes
s8hcvp,t0006891,4/14/2014,4/18/2014,5/19/2014,Past,H,80306,13-03-23,14-06-30,43,11/1/2014,12/30/1899,0,mtwfam,EC,F,0,0,2,2,2,2,0,1,0,1,Unknown
s8hcvp,t0004466,Going off program as of 5/31/14,,,Past,H,80304,11-10-04,14-05-31,31,5/31/2014,12/30/1899,0,mtwfam,EC,F,0,0,1,3,4,4,0,2,0,1,Unknown
s8hcvp,t0004430,4/21/2014,5/12/2014,5/19/2014,Current,H,80304,11-12-20,99-12-30,55,12/1/2014,12/20/2011,9444,s86mem,EC,M,199,255,2,4,6,6,4,2,0,2,Unknown
s8hcvp,t0000552,5/9/2014,5/12/2014,5/19/2014,Current,H,80026,12-10-05,99-12-30,47,10/1/2014,2/1/1995,20160,s82mem,EC,F,619,600,2,2,2,2,1,0,1,1,Yes
s8hcvp,t0004699,4/22/2014,5/20/2014,5/28/2014,Current,A,80304,11-09-13,99-12-30,30,9/1/2014,9/13/2011,28985,s84mem,EC,M,614,675,1,3,4,4,2,0,2,2,Unknown
s8pbbe,t0006864,4/22/2014,4/25/2014,5/19/2014,Current,H,80304,14-02-14,99-12-30,54,8/1/2014,2/14/2014,0,s82mem,EC,F,0,0,2,2,2,2,1,0,0,1,Yes
s8hcvp,t0000416,4/18/2014,5/5/2014,5/19/2014,Current,H,80304,09-01-01,99-12-30,45,8/1/2014,7/1/1998,21190,s81mem,EC,F,508,630,2,1,1,1,0,0,0,1,NO
s8hcvp,t0001263,,,,Past,H,80303,12-09-01,14-07-31,45,7/31/2014,12/30/1899,0,mtwfam,EC,F,0,0,2,2,3,3,0,0,0,2,Unknown
s8hcvp,t0004536,4/18/2014,5/5/2014,5/19/2014,Current,H,80304,13-12-19,99-12-30,37,8/1/2014,12/19/2013,11200,s84mem,IN,M,585,290,1,2,4,2,2,2,0,2,Unknown
s8hcvp,t0004787,4/30/2014,5/5/2014,5/19/2014,Current,H,80501,13-10-01,99-12-30,36,8/1/2014,7/1/2011,17243,s83mem,EC,F,719,450,2,3,3,3,2,2,0,1,Yes
s8pbbe,t0001272,4/9/2014,4/10/2014,4/11/2014,Current,H,80304,08-05-28,99-12-30,64,8/1/2014,5/28/2008,19240,mtweld,IN,M,0,0,1,2,3,1,1,0,0,2,NO
s8pbbe,t0005482,4/22/2014,4/25/2014,5/19/2014,Current,H,80304,12-10-16,99-12-30,21,8/1/2014,10/16/2012,16120,s83mem,IN,F,0,0,1,2,3,1,1,1,0,2,Unknown
s8hcvp,t0000363,4/28/2014,5/5/2014,5/19/2014,Current,H,80466,13-09-01,99-12-30,34,8/1/2014,3/15/2002,4183,s87mem,EC,F,194,130,2,3,7,7,5,3,0,2,Unknown
s8hcvp,t0000354,,,,Past,H,80503,02-04-12,14-05-31,54,5/31/2014,12/30/1899,0,mtwfam,EC,F,0,0,2,3,2,2,0,0,1,1,Unknown
s8hcvp,t0000408,4/30/2014,5/5/2014,5/19/2014,Current,H,80304,11-04-08,99-12-30,31,8/1/2014,3/31/2007,0,s85mem,EN,M,230,130,2,3,5,4,3,3,0,2,NO
s8hcvp,t0000512,5/2/2014,5/12/2014,5/19/2014,Current,H,80304,02-05-10,99-12-30,42,8/1/2014,5/10/2002,27075,s85mem,EC,F,483,775,1,4,5,5,4,1,1,1,Yes
s8hcvp,t0007884,,,,Past,H,80301,13-10-30,14-04-30,34,4/30/2014,12/30/1899,0,mtwfam,EC,F,0,0,2,2,2,2,0,1,0,1,Unknown
s8hcvp,t0006425,4/7/2014,4/10/2014,4/11/2014,Current,H,80304,13-09-09,99-12-30,33,9/1/2014,9/9/2013,30563,s84mem,EC,M,800,900,2,4,4,4,2,2,0,2,NO
s8hcvp,t0000440,4/4/2014,4/10/2014,4/11/2014,Current,H,80026,14-07-07,99-12-30,33,10/1/2014,1/27/2003,8073,s86mem,EC,F,80,160,2,3,6,6,4,2,0,2,Unknown
s8hcvp,t0000376,4/21/2014,5/12/2014,5/19/2014,Current,H,80304,07-09-12,99-12-30,45,8/1/2014,9/12/2007,10488,s82mem,EC,F,159,290,2,2,2,2,1,1,0,1,Yes
s8pbbe,a0000081,4/22/2014,4/25/2014,5/19/2014,Current,H,80304,11-11-01,99-12-30,31,8/1/2014,11/16/2009,31060,s85mem,EC,F,0,0,1,2,5,5,3,3,0,2,NO
s8hcvp,t0001175,5/5/2014,5/12/2014,5/19/2014,Current,H,80304,11-03-15,99-12-30,52,8/1/2014,3/15/2011,27137,s84mem,EN,M,595,675,1,3,4,4,2,0,0,2,NO
s8hcvp,t0000391,5/5/2014,5/12/2014,5/19/2014,Current,H,80027,09-01-01,13-08-31,49,8/1/2014,6/18/2007,36010,s85mem,EC,F,664,800,2,3,5,5,3,0,1,2,NO
s8hcvp,t0006022,4/22/2014,4/25/2014,5/19/2014,Current,H,80304,11-10-19,99-12-30,36,8/1/2014,7/1/2010,9429,s82mem,EC,F,509,290,2,2,2,2,1,0,0,1,Yes
s8hcvp,t0000528,4/22/2014,5/23/2014,5/28/2014,Current,H,80026,13-07-16,99-12-30,35,8/1/2014,10/26/2000,16952,s84mem,EC,F,275,450,2,3,3,3,2,0,0,1,Yes
s8tenpro,t0007534,4/18/2014,5/5/2014,5/19/2014,Current,H,80304,13-02-11,99-12-30,40,8/1/2014,2/11/2013,26455,s85mem,IN,F,795,500,1,2,5,3,3,2,1,2,Unknown
s8hcvp,t0005287,4/10/2014,4/18/2014,5/19/2014,Current,H,80504,13-09-06,99-12-30,22,9/1/2014,9/6/2013,5052,s83mem,EC,F,80,145,2,2,3,3,2,2,0,1,Yes
s8hcvp,t0003181,4/22/2014,5/5/2014,5/19/2014,Current,H,80301,12-10-27,99-12-30,30,10/1/2014,7/5/2011,37291,s84mem,EN,F,835,915,1,3,4,4,3,3,0,1,Yes
s8hcvp,t0000496,4/18/2014,5/12/2014,5/19/2014,Current,H,80301,12-09-17,99-12-30,36,12/1/2014,8/10/2007,22379,s83mem,EC,F,535,600,1,2,3,3,2,2,0,1,Yes
s8hcvp,t0004446,4/22/2014,5/23/2014,5/28/2014,Current,H,80301,13-08-29,99-12-30,48,8/1/2014,8/1/2014,17280,s85mem,IN,M,910,450,1,3,5,2,2,2,0,3,NO
s8pbbe,t0003493,5/13/2014,5/23/2014,5/28/2014,Current,H,80304,10-11-08,99-12-30,35,8/1/2014,11/8/2010,6662,s82mem,EC,F,0,0,2,2,2,2,1,1,0,1,Yes
s8hcvp,t0000453,4/22/2014,4/25/2014,5/19/2014,Current,H,80516,00-02-23,99-12-30,48,10/1/2014,2/23/2000,24856,s86mem,EC,F,679,640,1,4,5,5,4,3,0,1,Yes
s8hcvp,t0004917,4/18/2014,5/5/2014,5/19/2014,Current,H,80304,12-09-01,99-12-30,29,8/1/2014,9/1/2012,0,s82mem,EC,F,60,125,2,2,2,2,1,1,0,1,Yes
s8hcvp,t0001176,4/22/2014,4/25/2014,5/19/2014,Current,H,80303,13-08-16,99-12-30,34,8/1/2014,9/16/2012,11700,s82mem,EC,F,354,290,2,2,2,2,1,1,0,1,Yes
s8hcvp,a0000110,4/22/2014,4/25/2014,5/19/2014,Current,H,80303,10-09-17,99-12-30,42,9/1/2014,9/17/2010,18158,s83mem,EC,F,714,500,2,2,3,3,2,0,1,1,Yes
s8hcvp,t0002649,4/25/2014,4/25/2014,5/19/2014,Current,H,80501,13-10-15,99-12-30,34,8/1/2014,1/13/2011,28460,s84mem,EC,F,1044,675,1,3,4,4,3,3,0,1,Yes
s8hcvp,t0004476,5/9/2014,5/12/2014,5/19/2014,Current,H,80304,12-03-23,99-12-30,40,1/1/2015,3/23/2012,10080,s83mem,EC,F,150,325,1,3,3,3,2,0,1,1,Yes
s8hcvp,t0000483,5/9/2014,5/12/2014,5/19/2014,Current,H,80503,14-01-04,99-12-30,43,1/1/2015,1/1/1999,17094,s82mem,EC,F,534,560,2,3,2,2,1,0,0,1,Yes
s8hcvp,t0008007,4/7/2014,4/10/2014,4/11/2014,Current,H,80301,13-12-09,99-12-30,44,8/1/2014,12/9/2013,5124,s83mem,EC,F,329,160,2,3,3,3,2,2,0,1,Yes
s8hcvp,t0004043,4/21/2014,5/12/2014,5/19/2014,Current,H,80501,11-05-16,99-12-30,41,8/1/2014,5/16/2011,23202,s83mem,EN,F,600,675,1,3,3,3,2,1,0,1,Yes
s8pbbe,t0006698,4/22/2014,4/25/2014,5/19/2014,Current,H,80304,13-08-16,99-12-30,22,8/1/2014,8/16/2013,18096,s82mem,IN,F,0,0,1,2,2,1,1,1,0,1,Yes
s8hcvp,a0000122,5/12/2014,5/23/2014,5/28/2014,Current,H,80304,12-06-01,99-12-30,42,8/1/2014,5/1/2010,32370,s86mem,IN,M,1004,775,1,4,6,4,4,3,0,2,Unknown
s8hcvp,t0007278,4/22/2014,4/25/2014,5/19/2014,Current,H,80501,13-11-11,99-12-30,33,11/1/2014,11/11/2013,14137,s84mem,EC,F,283,325,2,3,4,4,3,2,0,1,Yes
s8hcvp,t0001646,4/7/2014,4/10/2014,4/11/2014,Current,H,80501,11-04-01,99-12-30,45,8/1/2014,4/1/2010,35638,s83mem,EC,F,1244,1075,2,3,3,3,1,1,0,2,Unknown
s8pbbe,t0004172,4/29/2014,5/5/2014,5/19/2014,Current,H,80304,11-08-11,99-12-30,31,8/1/2014,8/11/2011,41155,s84mem,IN,M,0,0,1,2,4,3,2,2,0,2,Unknown
s8pbbe,t0001275,"moving as of 5/30/14, leaving program",,,Past,H,80304,08-06-16,14-05-31,37,5/31/2014,12/30/1899,0,mtwfam,IN,F,0,0,1,2,3,2,0,2,0,1,Unknown
s8hcvp,t0000436,4/16/2014,4/18/2014,5/19/2014,Current,H,80501,07-06-18,99-12-30,32,8/1/2014,6/18/2007,29666,s88mem,EC,F,615,640,1,4,8,7,6,5,0,2,Unknown
s8pbbe,t0001274,4/18/2014,5/5/2014,5/19/2014,Current,H,80304,08-05-28,99-12-30,38,12/1/2014,5/28/2008,16848,s84mem,IN,F,0,0,1,2,4,2,2,1,0,2,NO
s8hcvp,t0005125,4/29/2014,5/5/2014,5/19/2014,Current,H,80026,13-01-07,99-12-30,50,1/1/2015,1/7/2013,0,s83mem,EC,F,125,130,1,3,3,3,2,1,0,1,Yes
s8pbbe,t0006511,4/21/2014,5/12/2014,5/19/2014,Current,H,80304,14-02-19,99-12-30,45,8/1/2014,2/19/2014,18024,s83mem,EN,F,0,0,1,2,3,3,2,2,0,1,Yes
s8hcvp,t0008751,4/16/2014,4/18/2014,5/19/2014,Current,H,80216,14-01-03,99-12-30,43,8/1/2014,1/3/2014,9204,s86mem,EC,F,269,215,2,3,6,6,5,2,0,1,Yes
s8hcvp,a0000144,4/18/2014,5/5/2014,5/19/2014,Current,H,80501,13-10-01,99-12-30,37,8/1/2014,11/10/2009,3000,s82mem,EC,F,94,125,2,2,2,2,1,0,0,1,Yes
s8hcvp,t0000475,4/30/2014,5/5/2014,5/19/2014,Current,H,80301,14-08-29,99-12-30,54,8/26/2014,8/24/2000,27717,s81mem,EC,F,785,840,2,1,1,1,0,0,0,1,NO
s8hcvp,t0004467,4/22/2014,4/25/2014,5/19/2014,Past,H,80503,11-08-16,14-07-31,37,7/31/2014,12/30/1899,0,mtwfam,EC,F,0,0,2,3,4,4,0,2,0,1,Unknown
s8hcvp,a0000148,5/7/2014,5/12/2014,5/19/2014,Current,H,80501,10-01-15,99-12-30,28,8/1/2014,2/1/2010,33345,s86mem,EC,F,595,675,1,3,6,6,5,5,0,1,Yes
s8hcvp,t0007893,5/14/2014,5/23/2014,5/28/2014,Past,H,80027,13-12-01,14-07-31,33,7/31/2014,12/30/1899,0,mtwfam,IN,M,0,0,1,2,4,2,0,2,0,2,NO
s8hcvp,t0004486,4/18/2014,5/5/2014,5/19/2014,Current,H,80503,12-12-01,99-12-30,46,8/1/2014,12/1/2012,22748,s82mem,EC,F,465,600,2,2,2,2,0,1,0,1,Unknown
s8hcvp,a0000152,4/30/2014,5/5/2014,5/19/2014,Current,H,80304,10-02-01,99-12-30,55,8/1/2014,11/16/2009,20280,s85mem,IN,M,730,450,1,3,5,3,3,1,0,2,NO
s8pbbe,t0006745,5/9/2014,5/12/2014,5/19/2014,Past,H,80304,13-08-23,14-07-31,22,7/31/2014,12/30/1899,0,s83mem,IN,F,0,0,1,2,3,1,0,1,0,2,NO
s8hcvp,t0008055,4/18/2014,4/18/2014,5/19/2014,Current,H,80503,14-01-09,99-12-30,37,8/1/2014,1/9/2014,27479,s83mem,EC,F,624,800,1,3,3,3,2,0,0,1,Yes
s8hcvp,t0008359,4/24/2014,4/25/2014,5/19/2014,Current,H,80501,14-02-08,99-12-30,30,8/1/2014,2/8/2014,27040,s85mem,EC,F,924,675,1,3,5,4,3,2,0,2,Unknown
s8hcvp,t0000458,4/16/2014,6/9/2014,6/10/2014,Current,H,80503,13-11-09,99-12-30,36,11/1/2014,11/1/2001,33789,s85mem,EC,F,625,800,2,3,5,5,3,1,0,2,NO
s8hcvp,t0007165,4/22/2014,5/23/2014,5/28/2014,Current,H,80304,13-12-01,99-12-30,43,8/1/2014,12/1/2013,34300,s85mem,EC,M,720,800,2,3,5,5,3,1,0,3,NO
s8hcvp,t0000433,4/17/2014,4/18/2014,5/19/2014,Current,H,80027,04-11-24,99-12-30,53,8/1/2014,11/24/2004,27804,s82mem,EC,F,1034,915,2,3,2,2,1,0,0,2,Yes
s8hcvp,t0000459,4/24/2014,4/25/2014,5/19/2014,Current,H,80303,07-08-27,99-12-30,35,12/1/2014,8/27/2007,8684,s82mem,EC,F,384,290,2,2,2,2,1,1,0,1,Yes
s8pbbe,t0003399,4/29/2014,5/5/2014,5/19/2014,Current,H,80304,11-12-19,99-12-30,50,12/1/2014,7/1/2010,18720,s82mem,EC,F,0,0,2,2,2,2,1,1,0,1,Yes
s8hcvp,t0000494,4/23/2014,5/5/2014,5/19/2014,Current,H,80304,02-01-15,99-12-30,61,1/1/2015,1/15/2002,9432,s81mem,EN,F,456,290,2,2,1,1,0,0,0,1,NO
s8hcvp,t0004374,5/9/2014,5/12/2014,5/19/2014,Current,H,80301,13-01-25,99-12-30,49,8/1/2014,1/25/2013,40426,s83mem,EC,F,1072,1120,2,3,3,3,2,0,0,1,Yes
s8hcvp,t0000460,4/21/2014,5/12/2014,5/19/2014,Notice,H,80027,05-05-01,15-01-31,39,8/1/2014,5/1/2005,48809,s82mem,EC,F,1300,1131,2,2,2,2,0,0,0,1,Unknown
s8pbbe,t0006571,4/22/2014,5/23/2014,5/28/2014,Past,H,80304,12-08-29,14-12-31,43,12/31/2014,12/30/1899,0,s86mem,EC,M,0,0,1,3,6,6,0,4,0,2,NO
s8hcvp,t0005121,6/2/2014,6/9/2014,6/10/2014,Notice,H,80302,13-04-15,15-01-31,47,8/1/2014,10/1/2012,43615,s83mem,EC,F,1030,1425,1,3,3,3,0,1,0,2,Unknown
s8hcvp,t0000643,4/21/2014,5/12/2014,5/19/2014,Current,H,80301,11-09-28,99-12-30,28,9/1/2014,11/30/2006,19560,s85mem,EC,F,410,510,1,4,5,5,4,4,0,0,Yes
s8hcvp,t0001253,,,,Current,H,80301,14-10-13,99-12-30,53,10/29/2014,1/2/2007,17420,s83mem,IN,F,749,450,1,3,3,2,1,0,0,2,Unknown
s8hcvp,t0004204,4/11/2014,4/18/2014,5/19/2014,Past,H,80303,11-07-14,14-06-30,21,7/1/2014,12/30/1899,0,s83mem,EC,F,0,0,1,2,3,2,0,1,0,2,Unknown
s8hcvp,t0005109,4/22/2014,5/23/2014,5/28/2014,Current,H,80303,14-01-08,99-12-30,41,8/1/2014,1/8/2014,18630,s86mem,IN,M,929,400,1,2,6,4,4,2,0,3,Unknown
s8hcvp,t0000608,5/5/2014,5/12/2014,5/19/2014,Current,H,80026,07-08-17,99-12-30,40,8/1/2014,8/17/2007,8437,s84mem,EC,F,40,215,2,3,4,4,3,2,0,1,Yes
s8hcvp,t0001234,4/10/2014,4/10/2014,4/11/2014,Current,H,80504,13-12-01,99-12-30,41,1/1/2015,6/1/2010,0,s82mem,EN,F,563,130,1,3,2,2,1,0,0,1,Yes
s8hcvp,t0007876,5/13/2014,5/23/2014,5/28/2014,Current,H,80301,14-02-22,99-12-30,25,8/1/2014,2/22/2014,12314,s82mem,EC,F,254,290,2,2,2,2,0,1,0,1,Unknown
s8hcvp,t0004407,4/22/2014,5/5/2014,5/19/2014,Current,H,80302,11-01-25,99-12-30,56,1/1/2015,1/25/2011,8190,s81mem,EC,F,170,260,2,1,1,1,0,0,0,1,NO
s8hcvp,t0003778,4/23/2014,4/25/2014,5/19/2014,Current,H,80304,12-09-27,12-08-31,31,8/1/2014,10/1/2008,4368,s82mem,EC,F,54,145,1,2,2,2,1,1,0,1,Yes
s8pbbe,t0004042,4/4/2014,4/10/2014,4/11/2014,Current,H,80304,11-04-07,99-12-30,33,8/1/2014,4/7/2011,13650,s86mem,IN,F,0,0,1,3,6,5,5,4,0,1,Yes
s8hcvp,t0004615,4/22/2014,5/5/2014,5/19/2014,Current,H,80501,11-08-05,99-12-30,34,8/1/2014,8/5/2011,28403,s85mem,EC,M,500,675,2,3,5,5,3,2,0,2,Unknown
s8tenpro,t0007546,4/22/2014,5/5/2014,5/19/2014,Current,H,80304,13-12-01,99-12-30,37,8/1/2014,12/1/2012,8340,s85mem,EC,F,135,215,2,3,5,5,4,3,0,1,Yes
s8pbbe,t0003473,4/23/2014,4/25/2014,5/19/2014,Current,H,80304,10-11-19,99-12-30,41,8/1/2014,11/20/2010,22390,s82mem,EC,F,0,0,2,2,2,2,1,1,0,1,Yes
s8hcvp,t0007376,,,,Past,H,80304,12-07-01,14-09-30,27,9/30/2014,12/30/1899,0,0,EC,F,0,0,2,2,2,2,0,1,0,1,Unknown
s8hcvp,t0005876,4/30/2014,5/5/2014,5/19/2014,Current,H,80216,13-11-01,99-12-30,38,8/1/2014,11/1/2013,13805,s84mem,EC,F,276,325,2,3,4,4,3,1,0,1,Yes
s8hcvp,t0004566,4/21/2014,5/12/2014,5/19/2014,Current,H,80503,12-09-13,99-12-30,37,9/1/2014,9/13/2012,7465,s82mem,EC,F,90,195,2,2,2,2,1,1,0,1,Yes
s8hcvp,a0000214,5/12/2014,5/23/2014,5/28/2014,Current,H,80304,14-07-01,99-12-30,52,8/1/2014,11/1/2009,0,s82mem,EC,F,81,120,2,1,2,2,1,0,1,1,Yes
s8hcvp,t0001347,4/21/2014,5/12/2014,5/19/2014,Current,H,80301,09-12-01,99-12-30,57,12/1/2014,1/1/2009,15060,mtweld,EC,F,233,333,2,4,4,4,3,0,1,1,Yes
s8span,t0008848,4/23/2014,5/5/2014,5/19/2014,Current,H,80303,14-03-01,99-12-30,39,8/1/2014,3/1/2014,10519,s82mem,EC,F,584,290,2,2,2,2,1,1,0,1,Yes
s8hcvp,t0000499,Going off program as of 7/31/14,,,Past,H,80027,11-07-15,14-07-31,42,7/31/2014,12/30/1899,0,mtwfam,EC,F,0,0,2,4,4,4,0,0,0,4,Unknown
s8hcvp,t0000612,5/22/2014,6/9/2014,6/10/2014,Current,H,80303,06-07-31,99-12-30,56,8/1/2014,7/31/2006,12000,s82mem,EC,F,279,290,2,2,2,2,1,0,0,1,Yes
s8pbbe,t0006579,4/3/2014,4/10/2014,4/11/2014,Current,H,80304,13-05-18,99-12-30,28,8/1/2014,5/18/2013,18864,s82mem,EC,F,0,0,1,2,2,2,1,1,0,1,Yes
s8hcvp,t0004501,4/16/2014,4/18/2014,5/19/2014,Current,H,80501,13-08-24,99-12-30,20,8/1/2014,9/2/2011,28211,s82mem,EC,F,740,915,1,3,2,2,1,1,0,1,Yes
s8hcvp,t0004260,4/21/2014,5/23/2014,5/28/2014,Current,H,80027,12-10-12,99-12-30,55,8/1/2014,10/12/2012,25721,s82mem,EC,F,1119,800,2,3,2,2,1,0,0,1,Yes
s8hcvp,t0007908,5/9/2014,5/23/2014,5/28/2014,Current,H,80301,14-02-10,99-12-30,40,8/1/2014,2/10/2014,11669,s82mem,EC,F,234,290,2,2,2,2,1,1,0,1,Yes
s8pbbe,t0005504,4/22/2014,4/25/2014,5/19/2014,Current,H,80304,12-09-07,99-12-30,43,8/1/2014,9/7/2012,24000,s82mem,EC,F,0,0,2,2,2,2,1,1,0,1,Yes
s8hcvp,t0002658,4/22/2014,5/5/2014,5/19/2014,Current,H,80303,14-09-01,99-12-30,36,9/1/2014,8/20/2010,11468,s82mem,EC,F,434,290,2,2,2,2,1,0,0,1,Yes
s8hcvp,t0009520,4/22/2014,4/25/2014,5/19/2014,Current,H,80303,10-07-08,99-12-30,52,9/2/2014,12/30/1899,0,0,EC,F,0,144,2,3,2,2,0,0,1,1,Unknown
s8hcvp,t0004375,4/11/2014,4/18/2014,5/19/2014,Current,H,80304,14-02-01,99-12-30,41,10/1/2014,2/1/2014,20910,s82mem,EC,F,1069,600,2,2,2,2,1,0,0,1,Yes
s8hcvp,t0002919,4/15/2014,4/18/2014,5/19/2014,Current,H,80304,13-09-01,99-12-30,52,8/1/2014,9/1/2013,23975,s82mem,EC,F,635,700,2,2,2,2,1,0,0,1,Yes
s8hcvp,a0000248,4/22/2014,5/23/2014,5/28/2014,Current,H,80303,09-09-14,99-12-30,33,8/1/2014,9/14/2009,21736,s86mem,IN,F,455,450,1,3,6,5,5,4,0,1,Yes
s8pbbe,t0001276,5/12/2014,5/23/2014,5/28/2014,Current,H,80304,15-01-28,99-12-30,49,8/1/2014,6/16/2008,11871,s85mem,IN,M,0,0,1,3,5,3,3,3,0,2,NO
s8hcvp,t0006428,4/17/2014,4/18/2014,5/19/2014,Past,H,80303,13-08-28,14-11-30,31,11/30/2014,12/30/1899,0,s85mem,IN,M,0,0,1,2,5,3,0,3,0,2,NO
s8hcvp,t0002735,4/21/2014,5/23/2014,5/28/2014,Current,H,80501,10-09-10,99-12-30,36,8/1/2014,9/10/2010,23278,s88mem,IN,F,801,450,1,3,8,5,6,4,0,2,Unknown
s8pbbe,t0001262,4/30/2014,5/5/2014,5/19/2014,Current,H,80304,08-05-01,99-12-30,43,8/1/2014,5/1/2008,22952,s85mem,IN,M,0,0,1,3,5,3,3,1,0,3,Unknown
s8hcvp,t0004989,4/22/2014,5/23/2014,5/28/2014,Current,H,80304,13-03-08,99-12-30,23,8/1/2014,3/8/2013,6240,s85mem,EC,F,260,145,1,2,5,4,3,3,0,2,NO
s8hcvp,t0004532,4/22/2014,4/25/2014,5/19/2014,Past,H,80503,13-07-02,14-08-31,29,8/31/2014,12/30/1899,0,mtwfam,EC,F,0,0,2,2,3,3,0,2,0,1,Unknown
s8hcvp,t0004732,4/10/2014,4/18/2014,5/19/2014,Current,H,80501,13-05-15,99-12-30,44,8/1/2014,5/15/2013,4800,s84mem,EC,F,264,200,1,4,4,4,2,1,0,2,Unknown
s8pbbe,t0005760,4/21/2014,5/23/2014,5/28/2014,Current,H,80304,13-02-27,99-12-30,32,8/1/2014,2/27/2013,34899,s82mem,EC,F,0,0,2,2,2,2,1,1,0,1,Yes
s8hcvp,t0000593,Leaving the progrm as of 4/30/14,,,Past,H,80304,98-03-01,14-04-30,51,4/30/2014,12/30/1899,0,s83mem,EC,M,0,0,2,3,3,3,0,0,0,0,Unknown
s8pbbe,t0001288,4/28/2014,5/5/2014,5/19/2014,Current,H,80304,08-07-02,99-12-30,36,8/1/2014,7/2/2008,17155,s85mem,IN,M,0,0,1,3,5,3,3,2,0,2,NO
s8hcvp,t0000630,4/15/2014,5/12/2014,5/19/2014,Current,H,80301,08-10-01,99-12-30,34,8/1/2014,10/1/2008,8652,s82mem,EC,F,265,325,2,3,2,2,1,0,0,1,Yes
s8hcvp,t0000622,,,,Past,H,80501,03-10-01,13-08-30,41,9/1/2013,12/30/1899,0,mtwfam,EC,F,0,0,2,3,5,5,0,2,1,2,NO
s8hcvp,t0003054,4/21/2014,5/12/2014,5/19/2014,Current,H,80503,11-12-09,99-12-30,53,1/1/2015,12/9/2011,13658,s81mem,EC,F,456,360,2,1,1,1,0,0,0,1,NO
s8pbbe,t0005511,4/21/2014,5/23/2014,5/28/2014,Current,H,80304,12-01-11,99-12-30,35,8/1/2014,1/11/2012,15196,s85mem,IN,M,0,0,1,3,5,3,3,2,0,2,Unknown
s8hcvp,t0004534,4/24/2014,4/25/2014,5/19/2014,Current,H,80503,11-07-01,99-12-30,32,8/1/2014,7/1/2011,17640,s85mem,IN,F,635,450,1,3,5,3,3,2,0,2,Unknown
s8hcvp,a0000266,4/9/2014,4/10/2014,4/11/2014,Current,H,80501,09-07-14,99-12-30,33,8/1/2014,7/14/2009,30297,s85mem,EC,F,500,675,1,3,5,5,4,2,0,1,Yes
s8pbbe,t0005693,4/17/2014,4/18/2014,5/19/2014,Current,H,80304,12-02-22,99-12-30,40,8/1/2014,2/22/2012,14400,s85mem,IN,M,0,0,1,3,5,3,3,3,0,2,Unknown
s8hcvp,t0001227,4/28/2014,5/5/2014,5/19/2014,Current,H,80302,13-12-01,99-12-30,41,10/1/2014,3/14/2007,12285,s84mem,IN,F,405,290,1,2,5,4,3,1,0,2,Unknown
s8hcvp,t0000683,4/15/2014,7/18/2014,7/21/2014,Current,H,80501,12-07-01,99-12-30,38,8/1/2014,10/1/2003,30433,s85mem,IN,F,888,875,1,5,5,3,3,2,0,2,NO
s8hcvp,t0007063,4/15/2014,4/18/2014,5/19/2014,Current,H,80304,12-05-02,99-12-30,45,8/1/2014,5/2/2013,14575,s85mem,EC,M,225,290,2,2,5,5,2,2,0,3,Unknown
s8hcvp,t0000624,5/8/2014,5/12/2014,5/19/2014,Past,H,80501,12-07-01,14-12-29,37,12/29/2014,12/30/1899,0,s82mem,EC,F,0,0,2,2,2,2,0,1,0,1,Unknown
s8pbbe,t0005781,4/22/2014,4/25/2014,5/19/2014,Current,H,80304,13-01-17,99-12-30,26,8/1/2014,1/17/2013,23639,s82mem,EC,F,0,0,2,2,2,2,1,1,0,1,Yes
s8hcvp,t0004386,4/15/2014,4/18/2014,5/19/2014,Current,H,80304,14-08-30,99-12-30,37,8/30/2014,8/26/2013,695,s84mem,EC,F,45,125,2,2,4,4,3,3,0,1,Yes
s8hcvp,t0001258,5/1/2014,5/5/2014,5/19/2014,Current,H,80026,14-05-08,99-12-30,52,10/1/2014,1/23/2007,22371,s83mem,EN,F,595,675,1,3,3,3,1,1,0,2,Unknown
s8hcvp,t0000694,,,,Current,H,80501,11-10-01,99-12-30,41,10/1/2014,10/16/2000,3068,s83mem,EC,F,94,130,2,3,3,3,1,0,0,2,Unknown
s8hcvp,t0000716,5/9/2014,5/12/2014,5/19/2014,Current,H,80303,14-03-27,99-12-30,52,8/1/2014,10/1/1992,19314,s82mem,EC,F,435,500,1,2,2,2,0,0,0,0,Unknown
s8hcvp,t0005604,4/22/2014,4/25/2014,5/19/2014,Current,H,80501,13-10-30,99-12-30,28,8/1/2014,10/30/2013,23771,s82mem,EC,F,635,700,2,2,2,2,1,1,0,1,Yes
s8hcvp,t0008400,4/23/2014,4/25/2014,5/19/2014,Current,H,80304,14-02-01,99-12-30,43,10/1/2014,2/1/2014,17705,s82mem,EC,F,679,560,2,3,2,2,1,0,0,1,Yes
s8hcvp,t0004834,4/21/2014,5/12/2014,5/19/2014,Current,H,80304,12-01-13,99-12-30,36,8/1/2014,1/13/2012,28080,s82mem,EC,F,562,825,2,2,2,2,1,1,0,1,Yes
s8hcvp,t0005313,4/21/2014,5/23/2014,5/28/2014,Current,H,80216,13-04-26,99-12-30,44,8/1/2014,4/26/2013,17487,s82mem,EC,F,343,500,1,2,2,2,1,1,0,1,Yes
s8hcvp,t0005066,5/20/2014,5/23/2014,5/28/2014,Current,H,80304,11-06-30,99-12-30,41,8/1/2014,6/30/2011,13230,s82mem,EC,F,272,400,2,2,2,2,1,1,0,1,Yes
s8hcvp,t0003923,4/23/2014,4/25/2014,5/19/2014,Current,H,80301,11-12-09,99-12-30,39,12/1/2014,12/9/2011,17063,s84mem,IN,F,610,510,1,4,4,3,2,1,0,2,Unknown
s8hcvp,t0008283,5/2/2014,5/5/2014,5/19/2014,Current,H,80503,14-03-22,99-12-30,19,8/1/2014,3/22/2014,12870,s83mem,EC,F,225,290,1,2,3,3,1,1,0,2,Unknown
s8pbbe,t0003512,4/14/2014,4/18/2014,5/19/2014,Current,H,80304,10-08-06,99-12-30,49,8/1/2014,8/6/2010,17940,s85mem,EN,M,0,0,1,3,5,5,3,2,0,2,NO
s8tenpro,t0007543,5/12/2014,5/23/2014,5/28/2014,Current,H,80304,13-12-01,99-12-30,28,12/1/2014,12/1/2012,16596,s84mem,EN,F,335,400,1,2,4,4,3,3,0,1,Yes
s8pbbe,t0001295,4/28/2014,5/5/2014,5/19/2014,Current,H,80304,08-09-01,99-12-30,39,8/1/2014,2/15/2007,31260,s85mem,IN,M,0,0,1,3,5,4,3,2,0,2,NO
s8hcvp,t0002149,4/21/2014,5/23/2014,5/28/2014,Current,H,80304,12-11-01,99-12-30,57,8/1/2014,4/1/2011,18051,s82mem,EC,F,564,500,2,2,2,2,1,0,0,1,Yes
s8hcvp,t0003604,4/22/2014,5/23/2014,5/28/2014,Current,H,80305,13-08-02,99-12-30,30,8/1/2014,8/2/2013,6060,s82mem,EN,F,116,195,1,2,2,2,1,1,0,1,Yes
s8hcvp,t0008695,4/14/2014,4/18/2014,5/19/2014,Current,H,80301,13-12-09,99-12-30,34,12/1/2014,8/20/2013,7200,s83mem,EC,F,334,215,2,3,3,3,2,1,0,1,Yes
s8hcvp,t0001948,4/16/2014,4/18/2014,5/19/2014,Current,H,80026,10-04-11,99-12-30,35,8/1/2014,4/11/2010,21630,s82mem,EC,F,503,600,2,2,2,2,1,1,0,1,Yes
s8hcvp,t0004553,4/22/2014,5/23/2014,5/28/2014,Current,H,80303,12-11-12,99-12-30,26,11/1/2014,11/12/2012,13336,s84mem,EC,M,405,290,1,2,4,3,2,2,0,2,Unknown
s8hcvp,t0001305,4/18/2014,5/5/2014,5/19/2014,Current,H,80503,12-05-01,99-12-30,30,8/1/2014,5/1/2012,20295,s83mem,EC,F,569,500,1,2,3,3,2,2,0,1,Yes
s8hcvp,t0003470,4/25/2014,4/25/2014,5/19/2014,Current,H,80304,13-07-23,99-12-30,41,9/1/2014,8/8/2011,4968,s82mem,EC,F,80,145,2,2,2,2,1,1,0,1,Yes
s8hcvp,a0000309,4/22/2014,5/5/2014,5/19/2014,Current,H,80501,13-08-01,99-12-30,36,8/1/2014,8/1/2013,29810,s85mem,EC,M,689,775,2,4,5,5,3,2,0,2,NO
s8hcvp,t0000678,5/9/2014,5/12/2014,5/19/2014,Past,H,80501,14-03-21,14-08-31,43,8/31/2014,12/30/1899,0,mtwfam,EC,F,0,0,2,2,3,3,0,1,0,1,Unknown
s8hcvp,t0003894,4/21/2014,5/12/2014,5/19/2014,Current,H,80304,12-01-01,99-12-30,52,8/1/2014,1/1/2012,40536,s83mem,EC,F,942,1200,2,3,3,3,1,1,0,2,Unknown
s8hcvp,t0002969,4/18/2014,5/5/2014,5/19/2014,Current,H,80304,10-05-28,99-12-30,41,8/1/2014,5/27/2010,38541,s82mem,EC,F,968,1070,2,2,2,2,1,1,0,1,Yes
s8hcvp,t0008503,4/21/2014,5/12/2014,5/19/2014,Current,H,80302,13-08-26,99-12-30,37,8/1/2014,12/1/2013,21736,s84mem,EN,M,435,500,2,2,4,4,2,2,0,2,NO
s8hcvp,t0007967,4/21/2014,5/12/2014,5/19/2014,Current,H,80027,14-01-11,99-12-30,50,8/1/2014,1/11/2014,10254,s83mem,EC,F,634,290,2,2,3,3,1,0,0,2,Unknown
s8hcvp,t0001184,4/21/2014,5/23/2014,5/28/2014,Current,H,80503,10-10-30,99-12-30,34,11/1/2014,10/31/2010,11847,s82mem,EC,F,229,325,2,3,2,2,1,1,0,1,Yes
s8hcvp,t0000665,4/10/2014,4/18/2014,5/19/2014,Current,H,80501,03-05-27,99-12-30,55,8/1/2014,5/27/2003,12215,s81mem,EC,F,461,400,2,2,1,1,0,0,0,0,NO
s8hcvp,t0004539,4/23/2014,5/5/2014,5/19/2014,Current,H,80501,12-01-05,99-12-30,42,8/1/2014,1/5/2012,7800,s86mem,IN,F,280,200,1,4,6,5,4,1,1,2,Unknown
s8hcvp,a0000311,4/4/2014,4/10/2014,4/11/2014,Past,H,80304,11-08-01,14-09-30,60,9/30/2014,12/30/1899,0,s82mem,EC,F,0,0,2,2,2,2,0,0,1,1,Unknown
s8hcvp,a0000314,5/2/2014,5/5/2014,5/19/2014,Current,H,80303,11-05-27,99-12-30,36,8/1/2014,4/2/2009,21580,s86mem,IN,M,784,400,1,2,6,3,4,3,0,2,Unknown
s8hcvp,t0008060,5/1/2014,5/5/2014,5/19/2014,Current,H,80303,14-01-16,99-12-30,39,1/1/2015,1/16/2014,22880,s84mem,IN,M,703,500,1,2,4,2,2,2,0,2,NO
s8pbbe,t0001302,5/20/2014,5/23/2014,5/28/2014,Current,H,80304,08-11-01,99-12-30,29,8/1/2014,5/15/2008,18720,s85mem,IN,M,0,0,1,2,5,3,3,3,0,2,NO
s8hcvp,t0004477,4/22/2014,5/5/2014,5/19/2014,Current,H,80501,12-09-15,99-12-30,41,9/1/2014,12/30/1899,38584,s85mem,IN,F,0,630,1,4,5,2,3,2,0,2,Unknown
s8hcvp,t0004587,5/16/2014,5/23/2014,5/28/2014,Current,H,80301,12-11-20,99-12-30,40,8/1/2014,11/20/2012,11700,s82mem,EC,F,234,290,2,2,2,2,1,0,0,1,Yes
s8span,t0008195,5/8/2014,5/12/2014,5/19/2014,Current,H,80216,13-11-01,99-12-30,37,8/1/2014,11/1/2013,9864,s83mem,EC,F,198,290,2,2,3,3,2,1,0,1,Yes
s8pbbe,t0001296,5/12/2014,5/23/2014,5/28/2014,Current,H,80304,08-09-01,99-12-30,31,8/1/2014,6/16/2008,21320,s85mem,IN,M,0,0,1,2,5,3,3,3,0,2,NO
s8hcvp,t0004866,4/4/2014,4/10/2014,4/11/2014,Current,H,80304,11-06-30,99-12-30,36,10/1/2014,6/30/2011,5844,s82mem,EN,F,130,195,2,2,2,2,1,1,0,1,Yes
s8hcvp,t0000703,4/16/2014,4/18/2014,5/19/2014,Current,H,80304,08-10-30,99-12-30,36,8/1/2014,11/1/2008,9814,s82mem,EC,F,250,290,2,2,2,2,1,0,0,0,Yes
s8hcvp,t0004146,4/10/2014,4/18/2014,5/19/2014,Current,H,80026,12-12-21,99-12-30,26,1/1/2015,12/21/2012,25391,s82mem,EC,F,856,700,1,2,2,2,1,1,0,1,Yes
s8pbbe,t0001285,5/13/2014,5/23/2014,5/28/2014,Current,H,80304,08-07-01,99-12-30,39,11/1/2014,7/1/2008,16744,s86mem,IN,M,0,0,1,3,6,3,4,3,0,2,NO
s8hcvp,a0000327,4/22/2014,5/5/2014,5/19/2014,Past,H,80301,10-01-01,14-10-31,35,10/31/2014,12/30/1899,0,s85mem,IN,M,0,0,1,3,5,3,0,1,0,2,NO
s8hcvp,t0002377,4/21/2014,5/23/2014,5/28/2014,Current,H,80304,13-08-05,99-12-30,25,8/1/2014,8/5/2013,18418,s85mem,IN,F,695,400,1,2,5,3,3,3,0,2,NO
s8hcvp,t0006215,4/22/2014,5/5/2014,5/19/2014,Current,H,80501,13-10-27,99-12-30,29,8/1/2014,10/27/2013,18720,s86mem,EC,F,610,510,1,4,6,5,4,3,0,2,NO
s8hcvp,t0000696,4/16/2014,4/18/2014,5/19/2014,Current,H,80301,02-12-23,99-12-30,47,8/1/2014,12/23/2002,10884,s82mem,EC,F,234,290,2,2,2,2,1,1,0,1,Yes
s8hcvp,t0002543,4/4/2014,4/10/2014,4/11/2014,Current,H,80305,10-08-17,99-12-30,33,8/1/2014,8/17/2010,0,s83mem,EC,F,169,125,2,2,3,3,2,1,0,1,Yes
s8hcvp,t0006012,5/2/2014,5/5/2014,5/19/2014,Past,H,80302,11-09-15,14-10-31,30,10/31/2014,12/30/1899,0,0,EC,F,0,0,2,1,1,1,0,0,0,1,NO
s8hcvp,t0004160,4/21/2014,5/23/2014,5/28/2014,Past,H,80305,13-07-10,14-08-31,45,9/1/2014,12/30/1899,0,s82mem,EC,F,0,0,2,1,2,2,0,1,0,1,Unknown
s8pbbe,t0001289,4/14/2014,4/18/2014,5/19/2014,Current,H,80304,08-07-10,99-12-30,37,8/1/2014,7/10/2008,17338,s85mem,IN,M,0,0,1,3,5,1,2,0,0,3,NO
s8hcvp,a0000342,,,,Current,H,80304,13-05-13,99-12-30,44,8/1/2014,11/1/2009,18200,s86mem,IN,M,606,400,1,2,6,4,4,2,0,2,NO
s8span,t0008694,4/22/2014,5/23/2014,5/28/2014,Current,H,80501,13-09-06,99-12-30,33,8/1/2014,9/6/2013,3503,s83mem,EC,F,44,125,2,2,3,3,2,2,0,1,Yes
s8hcvp,a0000347,5/29/2014,6/9/2014,6/10/2014,Past,H,80026,12-11-07,14-09-30,44,9/30/2014,12/30/1899,0,s82mem,EC,F,0,0,2,3,2,2,0,1,0,1,Unknown
s8hcvp,t0000774,4/22/2014,5/23/2014,5/28/2014,Current,H,80304,03-07-01,99-12-30,50,11/1/2014,7/1/2003,4548,s83mem,EC,F,25,200,2,4,3,3,2,0,0,2,Yes
s8hcvp,t0000790,5/15/2014,5/23/2014,5/28/2014,Current,H,80301,07-11-07,99-12-30,58,1/1/2015,11/7/2007,2600,s81mem,EC,F,466,130,2,3,1,1,0,0,0,1,NO
s8hcvp,t0000745,4/3/2014,4/10/2014,4/11/2014,Current,H,80305,01-10-31,99-12-30,44,9/1/2014,10/31/2001,12718,s84mem,EC,F,744,325,2,3,2,2,1,0,0,1,Yes
s8hcvp,t0000806,5/13/2014,5/23/2014,5/28/2014,Current,H,80501,11-12-01,99-12-30,33,8/1/2014,10/27/2002,23788,s82mem,EC,F,669,700,1,2,2,2,1,1,0,1,Yes
s8hcvp,t0004908,4/24/2014,4/25/2014,5/19/2014,Current,H,80501,12-10-05,99-12-30,29,1/1/2015,10/1/2011,7956,s85mem,EC,F,94,215,1,3,5,5,4,4,0,1,Yes
s8pbbe,t0005607,4/28/2014,5/5/2014,5/19/2014,Current,H,80304,12-09-04,99-12-30,27,8/1/2014,9/4/2012,27000,s82mem,EC,F,0,0,2,2,2,2,1,1,0,1,Yes
s8hcvp,t0000441,5/8/2014,5/12/2014,5/19/2014,Current,H,80503,12-09-22,99-12-30,22,10/1/2014,6/20/2007,1176,s82mem,EC,F,19,130,1,3,2,2,1,1,0,0,Yes
s8hcvp,t0000815,5/5/2014,5/12/2014,5/19/2014,Current,H,80304,02-01-31,99-12-30,42,8/1/2014,1/31/2002,4422,s82mem,EC,F,80,145,1,2,2,2,1,0,0,1,Yes
s8hcvp,t0000744,4/17/2014,4/18/2014,5/19/2014,Current,H,80503,11-03-04,99-12-30,35,8/1/2014,3/25/2003,23176,s85mem,EC,F,385,560,1,3,5,5,3,1,0,2,Unknown
s8hcvp,t0002491,4/17/2014,4/18/2014,5/19/2014,Current,H,80501,13-11-29,99-12-30,33,8/1/2014,8/13/2010,10308,s83mem,EC,F,225,290,2,2,3,3,2,2,0,1,Yes
s8hcvp,t0004594,4/17/2014,4/18/2014,5/19/2014,Current,H,80026,12-08-17,99-12-30,29,8/1/2014,6/1/2011,25861,s85mem,EC,M,385,560,1,3,5,5,3,3,0,2,Unknown
s8hcvp,t0004591,4/7/2014,4/10/2014,4/11/2014,Current,H,80304,13-07-20,99-12-30,52,8/1/2014,7/20/2013,21600,s84mem,EC,F,540,640,2,4,4,4,3,2,0,1,Yes
s8hcvp,t0004592,4/22/2014,5/23/2014,5/28/2014,Current,H,80304,12-08-01,99-12-30,31,8/1/2014,8/1/2011,19328,s84mem,EC,F,445,575,2,5,4,4,3,3,0,1,Yes
s8hcvp,t0000615,4/22/2014,4/25/2014,5/19/2014,Current,H,80504,11-09-01,99-12-30,35,8/1/2014,7/12/2001,40142,s86mem,EC,F,888,1050,2,4,6,6,5,3,0,1,Yes
s8hcvp,t0004748,4/22/2014,5/23/2014,5/28/2014,Current,H,80302,11-11-01,99-12-30,40,8/1/2014,11/1/2011,5787,s82mem,EC,F,122,195,2,2,2,2,1,1,0,1,Yes
s8hcvp,t0005010,5/27/2014,6/9/2014,6/10/2014,Current,H,80501,12-12-24,99-12-30,39,8/1/2014,12/24/2012,16848,s83mem,IN,F,716,450,1,3,3,1,2,1,0,1,Yes
s8hcvp,t0007863,4/18/2014,5/5/2014,5/19/2014,Current,H,80504,14-12-01,99-12-30,26,12/1/2014,12/1/2013,24300,s86mem,EC,F,689,725,1,5,6,6,4,4,0,2,NO
s8hcvp,t0002905,5/9/2014,5/12/2014,5/19/2014,Current,H,80304,12-03-01,99-12-30,42,11/1/2014,9/1/2010,24778,mtweld,EC,F,467,547,2,3,3,3,2,0,0,1,Yes
s8hcvp,t0000626,4/16/2014,4/18/2014,5/19/2014,Current,H,80503,12-02-10,99-12-30,42,8/1/2014,10/12/2001,9750,s82mem,EC,F,359,290,2,2,2,2,1,0,0,2,Yes
s8pbbe,t0001279,4/21/2014,5/23/2014,5/28/2014,Current,H,80304,08-06-16,99-12-30,40,8/1/2014,6/16/2008,17323,s84mem,IN,F,0,0,1,2,4,2,3,2,0,1,Yes
s8hcvp,t0002397,5/5/2014,5/12/2014,5/19/2014,Current,H,80303,11-02-07,99-12-30,53,8/1/2014,2/7/2011,3600,s82mem,EC,F,14,125,1,2,2,2,1,0,0,1,Yes
s8hcvp,t0002640,5/8/2014,5/12/2014,5/19/2014,Notice,H,80026,13-10-02,15-01-31,31,8/1/2014,10/2/2013,52943,s84mem,IN,M,1178,1425,1,3,4,1,0,2,0,2,NO
s8hcvp,t0000784,4/21/2014,5/12/2014,5/19/2014,Current,H,80302,10-09-15,99-12-30,45,10/1/2014,8/15/2002,4905,s81mem,EC,F,311,145,1,2,1,1,0,0,0,1,NO
s8hcvp,t0002022,5/28/2014,6/9/2014,6/10/2014,Current,H,80501,14-09-15,99-12-30,36,9/15/2014,9/23/2013,39632,s86mem,EC,F,845,1050,1,4,6,6,4,2,0,2,Unknown
s8hcvp,t0000778,4/22/2014,5/5/2014,5/19/2014,Current,H,80304,04-10-01,99-12-30,60,10/1/2014,10/1/2004,32529,s86mem,IN,F,775,675,2,3,6,5,3,2,0,3,Unknown
s8hcvp,t0000548,5/6/2014,5/12/2014,5/19/2014,Current,H,80304,12-11-01,99-12-30,52,8/1/2014,12/1/1995,12173,s83mem,EC,F,225,290,2,2,3,3,2,1,0,1,Yes
s8hcvp,a0000409,5/8/2014,5/12/2014,5/19/2014,Current,H,80303,11-01-27,99-12-30,41,8/1/2014,1/27/2011,3662,s82mem,EN,F,60,125,2,2,2,2,1,1,0,1,Yes
s8pbbe,t0001290,4/21/2014,5/23/2014,5/28/2014,Current,H,80304,08-07-15,99-12-30,47,8/1/2014,7/15/2008,14351,s85mem,IN,F,0,0,1,3,5,4,3,0,0,2,Unknown
s8hcvp,t0004601,4/21/2014,5/23/2014,5/28/2014,Current,H,80304,11-08-10,99-12-30,55,8/1/2014,8/10/2011,15165,s83mem,EC,M,469,510,2,4,3,3,1,0,0,2,Unknown
s8hcvp,a0000420,4/22/2014,5/23/2014,5/28/2014,Past,H,80501,13-08-22,14-08-31,44,8/31/2014,12/30/1899,0,s85mem,EC,M,0,0,2,4,5,5,0,1,0,2,NO
s8hcvp,t0006254,4/22/2014,5/5/2014,5/19/2014,Current,H,80304,13-11-01,99-12-30,22,8/1/2014,11/1/2013,204,s82mem,EC,F,0,125,2,2,2,2,1,1,0,1,Yes
s8hcvp,t0001187,4/16/2014,4/18/2014,5/19/2014,Current,H,80304,13-11-13,99-12-30,45,8/1/2014,12/1/2013,31450,s82mem,EC,F,755,960,2,2,2,2,1,0,0,1,Yes
s8hcvp,t0000766,5/5/2014,5/12/2014,5/19/2014,Current,H,80026,11-01-14,10-08-31,47,8/1/2014,9/15/2006,8520,s85mem,EC,F,374,215,2,3,5,5,3,1,0,2,Unknown
s8hcvp,t0006646,4/29/2014,5/5/2014,5/19/2014,Current,H,80503,13-12-07,99-12-30,29,12/1/2014,12/7/2013,4565,s82mem,EC,F,93,145,2,2,2,2,1,1,0,1,Yes
s8pbbe,t0004360,4/24/2014,4/25/2014,5/19/2014,Current,H,80304,12-10-12,99-12-30,40,8/1/2014,1/25/2012,5544,s83mem,EC,F,0,0,2,2,3,3,2,2,0,1,Yes
s8hcvp,t0002282,4/21/2014,5/12/2014,5/19/2014,Current,H,80305,13-09-25,99-12-30,51,8/1/2014,9/25/2013,17680,s82mem,EN,F,604,500,2,2,2,2,0,0,0,2,Unknown
s8hcvp,t0004760,4/22/2014,4/25/2014,5/19/2014,Current,H,80503,12-11-16,99-12-30,42,11/1/2014,11/16/2012,18584,s82mem,EC,F,414,500,2,2,1,1,0,0,0,1,NO
s8pbbe,t0001269,5/5/2014,5/12/2014,5/19/2014,Past,H,80304,08-05-15,14-12-31,39,12/31/2014,12/30/1899,0,s82mem,EN,F,0,0,1,2,2,2,0,1,0,1,Unknown
s8hcvp,t0000796,5/9/2014,5/12/2014,5/19/2014,Notice,H,80304,00-01-26,15-01-31,44,8/1/2014,1/26/2000,46688,s82mem,EC,F,1080,1131,2,2,2,2,0,0,0,2,Unknown
s8hcvp,t0006689,4/21/2014,5/12/2014,5/19/2014,Past,H,80302,13-11-04,14-05-30,25,5/31/2014,12/30/1899,0,mtwfam,EC,F,0,0,1,2,2,2,0,1,0,1,Unknown
s8hcvp,t0000801,4/22/2014,4/25/2014,5/19/2014,Current,H,80304,11-09-19,99-12-30,46,8/1/2014,9/15/2005,14742,s83mem,EC,F,335,400,1,2,3,3,0,0,0,3,NO
s8hcvp,t0004052,4/11/2014,4/18/2014,5/19/2014,Current,H,80304,13-12-01,99-12-30,27,8/1/2014,12/1/2013,12103,s87mem,IN,M,495,215,1,3,7,5,5,5,0,2,NO
s8hcvp,t0000768,5/5/2014,5/12/2014,5/19/2014,Current,H,80503,06-09-30,99-12-30,38,10/1/2014,9/30/2006,24960,s85mem,IN,M,719,560,1,3,5,3,3,2,0,2,Unknown
s8pbbe,t0001298,4/17/2014,4/18/2014,5/19/2014,Past,H,80304,08-06-30,14-10-31,39,10/31/2014,12/30/1899,0,mtwfam,EC,F,0,0,2,2,2,2,0,0,0,1,Unknown
s8hcvp,t0000812,4/18/2014,5/5/2014,5/19/2014,Current,H,80501,08-12-01,99-12-30,40,12/1/2014,11/6/2008,9896,s85mem,EN,F,215,215,1,3,4,4,3,1,0,1,Yes
s8hcvp,t0001189,5/7/2014,5/12/2014,5/19/2014,Current,H,80304,11-12-01,99-12-30,39,8/1/2014,12/1/2011,31949,s84mem,EC,F,720,800,2,3,4,4,3,2,0,1,Yes
s8pbbe,t0007504,4/21/2014,5/12/2014,5/19/2014,Current,H,80304,08-12-01,99-12-30,37,8/1/2014,9/29/2008,7200,s85mem,IN,F,0,0,1,3,5,4,4,2,0,2,Yes
s8hcvp,a0000452,4/10/2014,4/18/2014,5/19/2014,Current,H,80301,09-06-01,99-12-30,38,8/1/2014,6/1/2009,5738,s83mem,EC,F,143,145,2,2,3,3,2,2,0,1,Yes
s8hcvp,t0000751,6/11/2014,7/18/2014,7/21/2014,Current,H,80501,14-09-26,99-12-30,33,9/26/2014,11/5/1999,4200,s83mem,EC,F,130,130,2,3,4,4,3,2,0,1,Yes
s8hcvp,t0001173,4/10/2014,4/10/2014,4/11/2014,Current,H,80304,13-05-28,99-12-30,46,8/1/2014,5/14/2013,12000,s82mem,EC,F,225,290,2,2,2,2,1,1,0,1,Yes
s8hcvp,t0000771,5/30/2014,6/9/2014,6/10/2014,Current,H,80026,02-09-01,99-12-30,50,8/1/2014,9/1/2002,0,s82mem,EC,F,149,130,2,3,2,2,1,0,1,1,Yes
s8span,t0008721,4/21/2014,5/23/2014,5/28/2014,Past,H,80216,13-10-19,14-09-30,26,10/31/2014,12/30/1899,0,s83mem,EC,F,0,0,2,2,3,3,0,2,0,1,Unknown
s8hcvp,t0001423,4/11/2014,4/18/2014,5/19/2014,Current,H,80503,14-01-25,99-12-30,24,8/1/2014,4/1/2010,16348,s83mem,EC,F,327,450,1,3,3,3,2,2,0,1,Yes
s8hcvp,t0001192,4/29/2014,5/5/2014,5/19/2014,Current,H,80304,13-06-28,99-12-30,39,8/1/2014,6/28/2013,5544,s84mem,EC,F,0,160,2,3,4,4,2,1,0,2,Unknown
s8hcvp,t0003654,4/15/2014,4/18/2014,5/19/2014,Current,H,80305,10-06-09,99-12-30,52,8/1/2014,6/9/2010,6125,s82mem,EC,F,81,195,2,2,2,2,1,0,0,1,Yes
s8pbbe,t0005456,4/4/2014,4/10/2014,4/11/2014,Current,H,80304,13-04-24,99-12-30,22,8/1/2014,4/24/2013,0,s82mem,EC,F,0,0,2,2,2,2,1,1,0,1,Yes
s8hcvp,t0004358,4/21/2014,5/12/2014,5/19/2014,Current,H,80304,12-12-28,99-12-30,22,8/1/2014,12/28/2012,29182,s82mem,EC,F,699,825,1,2,2,2,1,1,0,1,Yes
s8hcvp,t0001251,4/30/2014,5/5/2014,5/19/2014,Current,H,80304,09-01-01,99-12-30,37,8/1/2014,1/1/2009,21840,s85mem,IN,M,795,500,1,2,5,3,3,2,0,2,NO
s8hcvp,t0000481,"Is now disabled = MTWELD as of 5/1/14, no packet will be returned",,,Past,H,80027,08-11-01,14-08-31,60,8/31/2014,12/30/1899,0,mtweld,EC,F,0,0,2,2,2,2,0,0,0,2,Unknown
s8hcvp,t0000631,"Is now disabled = MTWELD as of 5/1/14, no packet will be returned",,,Current,H,80301,08-05-16,99-12-30,47,8/1/2014,5/16/2008,18072,mtweld,EC,F,323,388,2,2,2,2,1,0,0,2,Yes
s8hcvp,t0000527,MTWELD family - ,,,Current,H,80304,98-04-01,99-12-30,51,8/1/2014,4/1/1998,11484,mtweld,EC,F,142,254,2,1,1,1,0,0,0,1,NO
s8hcvp,t0000522,4/7/2014,4/10/2014,4/11/2014,Current,H,80304,88-08-01,99-12-30,62,7/1/2014,8/1/1988,9710,mtweld,EC,F,370,214,2,2,1,1,0,0,0,1,NO
s8hcvp,t0000362,4/9/2014,4/10/2014,4/11/2014,Past,H,80304,04-07-01,14-06-30,52,6/30/2014,12/30/1899,0,mtwfam,EC,F,0,0,2,2,2,2,0,0,0,1,Unknown
